"Time","queue-proxy","user-container"
2025-09-03 15:56:21,9.69 MB,10.2 GB
2025-09-03 15:56:22,9.69 MB,10.2 GB
2025-09-03 15:56:23,13.1 MB,10.2 GB
2025-09-03 15:56:24,13.1 MB,10.2 GB
2025-09-03 15:56:25,13.1 MB,10.2 GB
2025-09-03 15:56:26,13.1 MB,10.2 GB
2025-09-03 15:56:27,13.1 MB,10.2 GB
2025-09-03 15:56:28,13.1 MB,10.2 GB
2025-09-03 15:56:29,13.1 MB,10.2 GB
2025-09-03 15:56:30,13.1 MB,10.2 GB
2025-09-03 15:56:31,13.1 MB,10.2 GB
2025-09-03 15:56:32,13.1 MB,10.2 GB
2025-09-03 15:56:33,13.1 MB,10.2 GB
2025-09-03 15:56:34,13.1 MB,10.2 GB
2025-09-03 15:56:35,13.1 MB,10.2 GB
2025-09-03 15:56:36,13.1 MB,10.2 GB
2025-09-03 15:56:37,13.1 MB,13.8 GB
2025-09-03 15:56:38,13.1 MB,13.8 GB
2025-09-03 15:56:39,13.1 MB,13.8 GB
2025-09-03 15:56:40,13.1 MB,13.8 GB
2025-09-03 15:56:41,13.1 MB,13.8 GB
2025-09-03 15:56:42,13.1 MB,13.8 GB
2025-09-03 15:56:43,17.7 MB,13.8 GB
2025-09-03 15:56:44,17.7 MB,13.8 GB
2025-09-03 15:56:45,17.7 MB,13.8 GB
2025-09-03 15:56:46,17.7 MB,13.8 GB
2025-09-03 15:56:47,17.7 MB,20.5 GB
2025-09-03 15:56:48,17.7 MB,20.5 GB
2025-09-03 15:56:49,17.7 MB,20.5 GB
2025-09-03 15:56:50,17.7 MB,20.5 GB
2025-09-03 15:56:51,17.7 MB,20.5 GB
2025-09-03 15:56:52,17.7 MB,20.5 GB
2025-09-03 15:56:53,17.9 MB,20.5 GB
2025-09-03 15:56:54,17.9 MB,20.5 GB
2025-09-03 15:56:55,17.9 MB,20.5 GB
2025-09-03 15:56:56,17.9 MB,20.5 GB
2025-09-03 15:56:57,17.9 MB,20.5 GB
2025-09-03 15:56:58,17.9 MB,20.5 GB
2025-09-03 15:56:59,17.9 MB,20.5 GB
2025-09-03 15:57:00,17.9 MB,20.5 GB
2025-09-03 15:57:01,17.9 MB,20.5 GB
2025-09-03 15:57:02,17.9 MB,20.5 GB
2025-09-03 15:57:03,17.9 MB,20.5 GB
2025-09-03 15:57:04,17.9 MB,20.5 GB
2025-09-03 15:57:05,17.9 MB,20.5 GB
2025-09-03 15:57:06,17.9 MB,20.5 GB
2025-09-03 15:57:07,17.9 MB,20.5 GB
2025-09-03 15:57:08,17.9 MB,20.5 GB
2025-09-03 15:57:09,17.9 MB,20.5 GB
2025-09-03 15:57:10,17.9 MB,20.5 GB
2025-09-03 15:57:11,17.9 MB,20.5 GB
2025-09-03 15:57:12,17.9 MB,20.5 GB
2025-09-03 15:57:13,18.0 MB,20.5 GB
2025-09-03 15:57:14,18.0 MB,20.5 GB
2025-09-03 15:57:15,18.0 MB,20.5 GB
2025-09-03 15:57:16,18.0 MB,20.5 GB
2025-09-03 15:57:17,18.0 MB,20.5 GB
2025-09-03 15:57:18,18.0 MB,20.5 GB
2025-09-03 15:57:19,18.0 MB,20.5 GB
2025-09-03 15:57:20,18.0 MB,20.5 GB
2025-09-03 15:57:21,18.0 MB,20.5 GB
2025-09-03 15:57:22,18.0 MB,20.5 GB
2025-09-03 15:57:23,18.0 MB,20.5 GB
2025-09-03 15:57:24,18.0 MB,20.5 GB
2025-09-03 15:57:25,18.2 MB,20.5 GB
2025-09-03 15:57:26,18.2 MB,20.5 GB
2025-09-03 15:57:27,18.2 MB,20.5 GB
2025-09-03 15:57:28,18.2 MB,20.5 GB
2025-09-03 15:57:29,18.2 MB,20.5 GB
2025-09-03 15:57:30,18.2 MB,20.5 GB
2025-09-03 15:57:31,18.2 MB,20.5 GB
2025-09-03 15:57:32,18.2 MB,20.5 GB
2025-09-03 15:57:33,18.2 MB,20.5 GB
2025-09-03 15:57:34,18.2 MB,20.5 GB
2025-09-03 15:57:35,18.2 MB,20.5 GB
2025-09-03 15:57:36,18.2 MB,20.5 GB
2025-09-03 15:57:37,18.2 MB,20.5 GB
2025-09-03 15:57:38,18.3 MB,20.5 GB
2025-09-03 15:57:39,18.3 MB,20.5 GB
2025-09-03 15:57:40,18.3 MB,20.5 GB
2025-09-03 15:57:41,18.3 MB,20.5 GB
2025-09-03 15:57:42,18.3 MB,20.5 GB
2025-09-03 15:57:43,18.3 MB,20.5 GB
2025-09-03 15:57:44,18.3 MB,20.5 GB
2025-09-03 15:57:45,18.3 MB,20.5 GB
2025-09-03 15:57:46,18.3 MB,20.5 GB
2025-09-03 15:57:47,18.3 MB,20.5 GB
2025-09-03 15:57:48,18.3 MB,20.5 GB
2025-09-03 15:57:49,18.3 MB,20.5 GB
2025-09-03 15:57:50,18.3 MB,20.5 GB
2025-09-03 15:57:51,18.3 MB,20.5 GB
2025-09-03 15:57:52,18.3 MB,20.5 GB
2025-09-03 15:57:53,18.3 MB,20.5 GB
2025-09-03 15:57:54,18.4 MB,20.5 GB
2025-09-03 15:57:55,18.4 MB,20.5 GB
2025-09-03 15:57:56,18.4 MB,20.5 GB
2025-09-03 15:57:57,18.4 MB,20.5 GB
2025-09-03 15:57:58,18.4 MB,20.5 GB
2025-09-03 15:57:59,18.4 MB,20.5 GB
2025-09-03 15:58:00,18.4 MB,20.5 GB
2025-09-03 15:58:01,18.4 MB,20.5 GB
2025-09-03 15:58:02,18.4 MB,20.5 GB
2025-09-03 15:58:03,18.4 MB,20.5 GB
2025-09-03 15:58:04,18.4 MB,20.5 GB
2025-09-03 15:58:05,18.4 MB,20.5 GB
2025-09-03 15:58:06,18.4 MB,20.5 GB
2025-09-03 15:58:07,18.7 MB,20.5 GB
2025-09-03 15:58:08,18.7 MB,20.5 GB
2025-09-03 15:58:09,18.7 MB,20.5 GB
2025-09-03 15:58:10,18.7 MB,20.5 GB
2025-09-03 15:58:11,18.7 MB,20.5 GB
2025-09-03 15:58:12,18.7 MB,20.5 GB
2025-09-03 15:58:13,18.7 MB,20.5 GB
2025-09-03 15:58:14,18.7 MB,20.5 GB
2025-09-03 15:58:15,18.7 MB,20.5 GB
2025-09-03 15:58:16,18.7 MB,20.5 GB
2025-09-03 15:58:17,18.7 MB,20.5 GB
2025-09-03 15:58:18,18.7 MB,20.5 GB
2025-09-03 15:58:19,18.7 MB,20.5 GB
2025-09-03 15:58:20,18.7 MB,20.5 GB
2025-09-03 15:58:21,18.7 MB,20.5 GB
2025-09-03 15:58:22,18.7 MB,20.5 GB
2025-09-03 15:58:23,18.7 MB,20.5 GB
2025-09-03 15:58:24,18.7 MB,20.5 GB
2025-09-03 15:58:25,18.7 MB,20.5 GB
2025-09-03 15:58:26,18.8 MB,20.5 GB
2025-09-03 15:58:27,18.8 MB,20.5 GB
2025-09-03 15:58:28,18.8 MB,20.5 GB
2025-09-03 15:58:29,18.8 MB,20.5 GB
2025-09-03 15:58:30,18.8 MB,20.5 GB
2025-09-03 15:58:31,18.8 MB,20.5 GB
2025-09-03 15:58:32,18.8 MB,20.5 GB
2025-09-03 15:58:33,18.8 MB,20.5 GB
2025-09-03 15:58:34,18.8 MB,20.5 GB
2025-09-03 15:58:35,18.8 MB,20.5 GB
2025-09-03 15:58:36,18.8 MB,20.5 GB
2025-09-03 15:58:37,18.8 MB,20.5 GB
2025-09-03 15:58:38,18.8 MB,20.5 GB
2025-09-03 15:58:39,18.8 MB,10.3 GB
2025-09-03 15:58:40,9.12 MB,10.3 GB
2025-09-03 15:58:41,9.12 MB,10.3 GB
2025-09-03 15:58:42,9.12 MB,10.3 GB
2025-09-03 15:58:43,9.12 MB,10.3 GB
2025-09-03 15:58:44,9.12 MB,10.3 GB
2025-09-03 15:58:45,9.12 MB,10.3 GB
2025-09-03 15:58:46,9.49 MB,10.3 GB
2025-09-03 15:58:47,9.49 MB,10.3 GB
2025-09-03 15:58:48,9.49 MB,10.3 GB
2025-09-03 15:58:49,9.49 MB,10.3 GB
2025-09-03 15:58:50,9.49 MB,10.3 GB
2025-09-03 15:58:51,9.49 MB,10.3 GB
2025-09-03 15:58:52,9.49 MB,10.3 GB
2025-09-03 15:58:53,9.49 MB,10.3 GB
2025-09-03 15:58:54,9.49 MB,10.3 GB
2025-09-03 15:58:55,9.49 MB,10.3 GB
2025-09-03 15:58:56,9.49 MB,10.3 GB
2025-09-03 15:58:57,9.49 MB,10.3 GB
2025-09-03 15:58:58,9.49 MB,10.3 GB
2025-09-03 15:58:59,9.34 MB,10.3 GB
2025-09-03 15:59:00,9.34 MB,10.3 GB
2025-09-03 15:59:01,9.34 MB,10.3 GB
2025-09-03 15:59:02,9.34 MB,10.3 GB
2025-09-03 15:59:03,9.34 MB,10.3 GB
2025-09-03 15:59:04,9.34 MB,10.3 GB
2025-09-03 15:59:05,9.34 MB,10.3 GB
2025-09-03 15:59:06,9.34 MB,10.3 GB
2025-09-03 15:59:07,9.34 MB,10.3 GB
2025-09-03 15:59:08,9.34 MB,10.3 GB
2025-09-03 15:59:09,9.34 MB,10.3 GB
2025-09-03 15:59:10,9.34 MB,10.3 GB
2025-09-03 15:59:11,9.34 MB,10.3 GB
2025-09-03 15:59:12,9.34 MB,10.3 GB
2025-09-03 15:59:13,9.46 MB,10.3 GB
2025-09-03 15:59:14,9.46 MB,10.3 GB
2025-09-03 15:59:15,9.46 MB,10.3 GB
2025-09-03 15:59:16,9.46 MB,10.3 GB
2025-09-03 15:59:17,9.46 MB,10.3 GB
2025-09-03 15:59:18,9.46 MB,10.3 GB
2025-09-03 15:59:19,9.46 MB,10.3 GB
2025-09-03 15:59:20,9.46 MB,10.3 GB
2025-09-03 15:59:21,9.46 MB,10.3 GB
2025-09-03 15:59:22,9.46 MB,10.3 GB
2025-09-03 15:59:23,9.46 MB,10.3 GB
2025-09-03 15:59:24,9.46 MB,10.3 GB
2025-09-03 15:59:25,9.46 MB,10.3 GB
2025-09-03 15:59:26,9.46 MB,10.3 GB
2025-09-03 15:59:27,9.46 MB,10.3 GB
2025-09-03 15:59:28,9.46 MB,10.3 GB
2025-09-03 15:59:29,9.56 MB,10.3 GB
2025-09-03 15:59:30,9.56 MB,10.3 GB
2025-09-03 15:59:31,9.56 MB,10.3 GB
2025-09-03 15:59:32,9.56 MB,10.3 GB
2025-09-03 15:59:33,9.56 MB,10.3 GB
2025-09-03 15:59:34,9.56 MB,10.3 GB
2025-09-03 15:59:35,9.56 MB,10.3 GB
2025-09-03 15:59:36,9.56 MB,10.3 GB
2025-09-03 15:59:37,9.56 MB,10.3 GB
2025-09-03 15:59:38,9.56 MB,10.3 GB
2025-09-03 15:59:39,9.56 MB,10.3 GB
2025-09-03 15:59:40,9.56 MB,10.3 GB
2025-09-03 15:59:41,9.56 MB,10.3 GB
2025-09-03 15:59:42,9.56 MB,10.3 GB
2025-09-03 15:59:43,9.56 MB,10.3 GB
2025-09-03 15:59:44,9.56 MB,10.3 GB
2025-09-03 15:59:45,9.63 MB,10.3 GB
2025-09-03 15:59:46,9.63 MB,10.3 GB
2025-09-03 15:59:47,9.63 MB,10.3 GB
2025-09-03 15:59:48,9.63 MB,10.3 GB
2025-09-03 15:59:49,9.63 MB,10.3 GB
2025-09-03 15:59:50,9.63 MB,10.3 GB
2025-09-03 15:59:51,9.63 MB,10.3 GB
2025-09-03 15:59:52,9.63 MB,10.3 GB
2025-09-03 15:59:53,9.63 MB,10.3 GB
2025-09-03 15:59:54,9.63 MB,10.3 GB
2025-09-03 15:59:55,9.63 MB,10.3 GB
2025-09-03 15:59:56,9.63 MB,10.3 GB
2025-09-03 15:59:57,9.74 MB,10.3 GB
2025-09-03 15:59:58,9.74 MB,10.3 GB
2025-09-03 15:59:59,9.74 MB,10.3 GB
2025-09-03 16:00:00,9.74 MB,10.3 GB
2025-09-03 16:00:01,9.74 MB,10.3 GB
2025-09-03 16:00:02,9.74 MB,10.3 GB
2025-09-03 16:00:03,9.74 MB,10.3 GB
2025-09-03 16:00:04,9.74 MB,10.3 GB
2025-09-03 16:00:05,9.74 MB,10.3 GB
2025-09-03 16:00:06,9.74 MB,10.3 GB
2025-09-03 16:00:07,9.74 MB,10.3 GB
2025-09-03 16:00:08,9.74 MB,10.3 GB
2025-09-03 16:00:09,9.74 MB,10.3 GB
2025-09-03 16:00:10,9.74 MB,10.3 GB
2025-09-03 16:00:11,9.74 MB,10.3 GB
2025-09-03 16:00:12,9.74 MB,10.3 GB
2025-09-03 16:00:13,9.74 MB,10.3 GB
2025-09-03 16:00:14,9.74 MB,10.3 GB
2025-09-03 16:00:15,9.74 MB,10.3 GB
2025-09-03 16:00:16,9.43 MB,10.3 GB
2025-09-03 16:00:17,9.43 MB,10.3 GB
2025-09-03 16:00:18,9.43 MB,10.3 GB
2025-09-03 16:00:19,9.43 MB,10.3 GB
2025-09-03 16:00:20,9.43 MB,10.3 GB
2025-09-03 16:00:21,9.43 MB,10.3 GB
2025-09-03 16:00:22,9.43 MB,10.3 GB
2025-09-03 16:00:23,9.43 MB,10.3 GB
2025-09-03 16:00:24,9.43 MB,10.3 GB
2025-09-03 16:00:25,9.43 MB,10.3 GB
2025-09-03 16:00:26,9.43 MB,10.3 GB
2025-09-03 16:00:27,9.43 MB,10.3 GB
2025-09-03 16:00:28,9.43 MB,10.3 GB
2025-09-03 16:00:29,9.43 MB,10.3 GB
2025-09-03 16:00:30,9.43 MB,10.3 GB
2025-09-03 16:00:31,9.44 MB,10.3 GB
2025-09-03 16:00:32,9.44 MB,10.3 GB
2025-09-03 16:00:33,9.44 MB,10.3 GB
2025-09-03 16:00:34,9.44 MB,10.3 GB
2025-09-03 16:00:35,9.44 MB,10.3 GB
2025-09-03 16:00:36,9.44 MB,10.3 GB
2025-09-03 16:00:37,9.44 MB,10.3 GB
2025-09-03 16:00:38,9.44 MB,10.3 GB
2025-09-03 16:00:39,9.44 MB,10.3 GB
2025-09-03 16:00:40,9.44 MB,10.3 GB
2025-09-03 16:00:41,9.44 MB,10.3 GB
2025-09-03 16:00:42,9.44 MB,10.3 GB
2025-09-03 16:00:43,9.44 MB,10.3 GB
2025-09-03 16:00:44,9.44 MB,10.3 GB
2025-09-03 16:00:45,9.44 MB,10.3 GB
2025-09-03 16:00:46,9.44 MB,10.3 GB
2025-09-03 16:00:47,9.44 MB,10.3 GB
2025-09-03 16:00:48,9.44 MB,10.3 GB
2025-09-03 16:00:49,9.44 MB,10.3 GB
2025-09-03 16:00:50,9.44 MB,10.3 GB
2025-09-03 16:00:51,9.44 MB,10.3 GB
2025-09-03 16:00:52,9.44 MB,10.3 GB
2025-09-03 16:00:53,9.44 MB,10.3 GB
2025-09-03 16:00:54,9.44 MB,10.3 GB
2025-09-03 16:00:55,9.44 MB,10.3 GB
2025-09-03 16:00:56,9.44 MB,10.3 GB
2025-09-03 16:00:57,9.44 MB,10.3 GB
2025-09-03 16:00:58,9.44 MB,10.3 GB
2025-09-03 16:00:59,9.44 MB,10.3 GB
2025-09-03 16:01:00,9.44 MB,10.3 GB
2025-09-03 16:01:01,9.44 MB,10.3 GB
2025-09-03 16:01:02,9.44 MB,10.3 GB
2025-09-03 16:01:03,9.46 MB,10.3 GB
2025-09-03 16:01:04,9.46 MB,10.3 GB
2025-09-03 16:01:05,9.46 MB,10.3 GB
2025-09-03 16:01:06,9.46 MB,10.3 GB
2025-09-03 16:01:07,9.46 MB,10.3 GB
2025-09-03 16:01:08,9.46 MB,10.3 GB
2025-09-03 16:01:09,9.46 MB,10.3 GB
2025-09-03 16:01:10,9.46 MB,10.3 GB
2025-09-03 16:01:11,9.46 MB,10.3 GB
2025-09-03 16:01:12,9.46 MB,10.3 GB
2025-09-03 16:01:13,9.46 MB,10.3 GB
2025-09-03 16:01:14,9.46 MB,10.3 GB
2025-09-03 16:01:15,9.46 MB,10.3 GB
2025-09-03 16:01:16,9.46 MB,10.3 GB
2025-09-03 16:01:17,9.46 MB,10.3 GB
2025-09-03 16:01:18,9.46 MB,10.3 GB
2025-09-03 16:01:19,9.46 MB,10.3 GB
2025-09-03 16:01:20,9.49 MB,10.3 GB
2025-09-03 16:01:21,9.49 MB,10.3 GB
2025-09-03 16:01:22,9.49 MB,10.3 GB
2025-09-03 16:01:23,9.49 MB,10.3 GB
2025-09-03 16:01:24,9.49 MB,10.3 GB
2025-09-03 16:01:25,9.49 MB,10.3 GB
2025-09-03 16:01:26,9.49 MB,10.3 GB
2025-09-03 16:01:27,9.49 MB,10.3 GB
2025-09-03 16:01:28,9.49 MB,10.3 GB
2025-09-03 16:01:29,9.49 MB,10.3 GB
2025-09-03 16:01:30,9.49 MB,10.3 GB
2025-09-03 16:01:31,9.49 MB,10.3 GB
2025-09-03 16:01:32,9.49 MB,10.3 GB
2025-09-03 16:01:33,9.49 MB,10.3 GB
2025-09-03 16:01:34,9.49 MB,10.3 GB
2025-09-03 16:01:35,9.49 MB,10.3 GB
2025-09-03 16:01:36,9.49 MB,10.3 GB
2025-09-03 16:01:37,9.49 MB,10.3 GB
2025-09-03 16:01:38,9.49 MB,10.3 GB
2025-09-03 16:01:39,9.59 MB,10.3 GB
2025-09-03 16:01:40,9.59 MB,10.3 GB
2025-09-03 16:01:41,9.59 MB,10.3 GB
2025-09-03 16:01:42,9.59 MB,10.3 GB
2025-09-03 16:01:43,9.59 MB,10.3 GB
2025-09-03 16:01:44,9.59 MB,10.3 GB
2025-09-03 16:01:45,9.59 MB,10.3 GB
2025-09-03 16:01:46,9.59 MB,10.3 GB
2025-09-03 16:01:47,9.59 MB,10.3 GB
2025-09-03 16:01:48,9.59 MB,10.3 GB
2025-09-03 16:01:49,9.59 MB,10.3 GB
2025-09-03 16:01:50,9.59 MB,10.3 GB
2025-09-03 16:01:51,9.59 MB,10.3 GB
2025-09-03 16:01:52,9.65 MB,10.3 GB
2025-09-03 16:01:53,9.65 MB,10.3 GB
2025-09-03 16:01:54,9.65 MB,10.3 GB
2025-09-03 16:01:55,9.65 MB,10.3 GB
2025-09-03 16:01:56,9.65 MB,10.3 GB
2025-09-03 16:01:57,9.65 MB,10.3 GB
2025-09-03 16:01:58,9.65 MB,10.3 GB
2025-09-03 16:01:59,9.65 MB,10.3 GB
2025-09-03 16:02:00,9.65 MB,10.3 GB
2025-09-03 16:02:01,9.65 MB,10.3 GB
2025-09-03 16:02:02,9.65 MB,10.3 GB
2025-09-03 16:02:03,9.65 MB,10.3 GB
2025-09-03 16:02:04,9.65 MB,10.3 GB
2025-09-03 16:02:05,9.65 MB,10.3 GB
2025-09-03 16:02:06,9.65 MB,10.3 GB
2025-09-03 16:02:07,9.65 MB,10.3 GB
2025-09-03 16:02:08,9.65 MB,10.3 GB
2025-09-03 16:02:09,9.65 MB,10.3 GB
2025-09-03 16:02:10,9.65 MB,10.3 GB
2025-09-03 16:02:11,9.83 MB,10.3 GB
2025-09-03 16:02:12,9.83 MB,10.3 GB
2025-09-03 16:02:13,9.83 MB,10.3 GB
2025-09-03 16:02:14,9.83 MB,10.3 GB
2025-09-03 16:02:15,9.83 MB,10.3 GB
2025-09-03 16:02:16,9.83 MB,10.3 GB
2025-09-03 16:02:17,9.83 MB,10.3 GB
2025-09-03 16:02:18,9.83 MB,10.3 GB
2025-09-03 16:02:19,9.83 MB,10.3 GB
2025-09-03 16:02:20,9.83 MB,10.3 GB
2025-09-03 16:02:21,9.83 MB,10.3 GB
2025-09-03 16:02:22,9.83 MB,10.3 GB
2025-09-03 16:02:23,9.83 MB,10.3 GB
2025-09-03 16:02:24,9.83 MB,10.3 GB
2025-09-03 16:02:25,9.83 MB,10.3 GB
2025-09-03 16:02:26,9.83 MB,10.3 GB
2025-09-03 16:02:27,9.83 MB,10.3 GB
2025-09-03 16:02:28,9.83 MB,10.3 GB
2025-09-03 16:02:29,9.83 MB,10.3 GB
2025-09-03 16:02:30,9.83 MB,10.3 GB
2025-09-03 16:02:31,9.83 MB,10.3 GB
2025-09-03 16:02:32,9.83 MB,10.3 GB
2025-09-03 16:02:33,9.83 MB,10.3 GB
2025-09-03 16:02:34,9.83 MB,10.3 GB
2025-09-03 16:02:35,9.83 MB,10.3 GB
2025-09-03 16:02:36,9.83 MB,10.3 GB
2025-09-03 16:02:37,9.83 MB,10.3 GB
2025-09-03 16:02:38,9.83 MB,10.3 GB
2025-09-03 16:02:39,9.83 MB,10.3 GB
2025-09-03 16:02:40,9.83 MB,10.3 GB
2025-09-03 16:02:41,9.83 MB,10.3 GB
2025-09-03 16:02:42,9.83 MB,10.3 GB
2025-09-03 16:02:43,9.83 MB,10.3 GB
2025-09-03 16:02:44,9.83 MB,10.3 GB
2025-09-03 16:02:45,9.83 MB,10.3 GB
2025-09-03 16:02:46,9.85 MB,10.3 GB
2025-09-03 16:02:47,9.85 MB,10.3 GB
2025-09-03 16:02:48,9.85 MB,10.3 GB
2025-09-03 16:02:49,9.85 MB,10.3 GB
2025-09-03 16:02:50,9.85 MB,10.3 GB
2025-09-03 16:02:51,9.85 MB,10.3 GB
2025-09-03 16:02:52,9.85 MB,10.3 GB
2025-09-03 16:02:53,9.85 MB,10.3 GB
2025-09-03 16:02:54,9.85 MB,10.3 GB
2025-09-03 16:02:55,9.85 MB,10.3 GB
2025-09-03 16:02:56,9.85 MB,10.3 GB
2025-09-03 16:02:57,9.85 MB,10.3 GB
2025-09-03 16:02:58,9.85 MB,10.3 GB
2025-09-03 16:02:59,9.85 MB,10.3 GB
2025-09-03 16:03:00,9.85 MB,10.3 GB
2025-09-03 16:03:01,9.85 MB,10.3 GB
2025-09-03 16:03:02,9.85 MB,10.3 GB
2025-09-03 16:03:03,9.85 MB,10.3 GB
2025-09-03 16:03:04,9.86 MB,10.3 GB
2025-09-03 16:03:05,9.86 MB,10.3 GB
2025-09-03 16:03:06,9.86 MB,10.3 GB
2025-09-03 16:03:07,9.86 MB,10.3 GB
2025-09-03 16:03:08,9.86 MB,10.3 GB
2025-09-03 16:03:09,9.86 MB,10.3 GB
2025-09-03 16:03:10,9.86 MB,10.3 GB
2025-09-03 16:03:11,9.86 MB,10.3 GB
2025-09-03 16:03:12,9.86 MB,10.3 GB
2025-09-03 16:03:13,9.86 MB,10.3 GB
2025-09-03 16:03:14,9.86 MB,10.3 GB
2025-09-03 16:03:15,9.86 MB,10.3 GB
2025-09-03 16:03:16,9.86 MB,10.3 GB
2025-09-03 16:03:17,9.86 MB,10.3 GB
2025-09-03 16:03:18,9.86 MB,10.3 GB
2025-09-03 16:03:19,9.86 MB,10.3 GB
2025-09-03 16:03:20,9.86 MB,10.3 GB
2025-09-03 16:03:21,9.86 MB,10.3 GB
2025-09-03 16:03:22,9.88 MB,10.3 GB
2025-09-03 16:03:23,9.88 MB,10.3 GB
2025-09-03 16:03:24,9.88 MB,10.3 GB
2025-09-03 16:03:25,9.88 MB,10.3 GB
2025-09-03 16:03:26,9.88 MB,10.3 GB
2025-09-03 16:03:27,9.88 MB,10.3 GB
2025-09-03 16:03:28,9.88 MB,10.3 GB
2025-09-03 16:03:29,9.88 MB,10.3 GB
2025-09-03 16:03:30,9.88 MB,10.3 GB
2025-09-03 16:03:31,9.88 MB,10.3 GB
2025-09-03 16:03:32,9.88 MB,10.3 GB
2025-09-03 16:03:33,9.88 MB,10.3 GB
2025-09-03 16:03:34,9.88 MB,10.3 GB
2025-09-03 16:03:35,9.88 MB,10.3 GB
2025-09-03 16:03:36,9.88 MB,10.3 GB
2025-09-03 16:03:37,9.91 MB,10.3 GB
2025-09-03 16:03:38,9.91 MB,10.3 GB
2025-09-03 16:03:39,9.91 MB,10.3 GB
2025-09-03 16:03:40,9.91 MB,10.3 GB
2025-09-03 16:03:41,9.91 MB,10.3 GB
2025-09-03 16:03:42,9.91 MB,10.3 GB
2025-09-03 16:03:43,9.91 MB,10.3 GB
2025-09-03 16:03:44,9.91 MB,10.3 GB
2025-09-03 16:03:45,9.91 MB,10.3 GB
2025-09-03 16:03:46,9.91 MB,10.3 GB
2025-09-03 16:03:47,9.91 MB,10.3 GB
2025-09-03 16:03:48,9.91 MB,10.3 GB
2025-09-03 16:03:49,9.91 MB,10.3 GB
2025-09-03 16:03:50,9.91 MB,10.3 GB
2025-09-03 16:03:51,9.91 MB,10.3 GB
2025-09-03 16:03:52,9.91 MB,10.3 GB
2025-09-03 16:03:53,9.91 MB,10.3 GB
2025-09-03 16:03:54,9.91 MB,10.3 GB
2025-09-03 16:03:55,9.93 MB,10.3 GB
2025-09-03 16:03:56,9.93 MB,10.3 GB
2025-09-03 16:03:57,9.93 MB,10.3 GB
2025-09-03 16:03:58,9.93 MB,10.3 GB
2025-09-03 16:03:59,9.93 MB,10.3 GB
2025-09-03 16:04:00,9.93 MB,10.3 GB
2025-09-03 16:04:01,9.93 MB,10.3 GB
2025-09-03 16:04:02,9.93 MB,10.3 GB
2025-09-03 16:04:03,9.93 MB,10.3 GB
2025-09-03 16:04:04,9.93 MB,10.3 GB
2025-09-03 16:04:05,9.93 MB,10.3 GB
2025-09-03 16:04:06,9.93 MB,10.3 GB
2025-09-03 16:04:07,9.93 MB,10.3 GB
2025-09-03 16:04:08,9.93 MB,10.3 GB
2025-09-03 16:04:09,9.93 MB,10.3 GB
2025-09-03 16:04:10,9.93 MB,10.3 GB
2025-09-03 16:04:11,9.93 MB,10.3 GB
2025-09-03 16:04:12,9.93 MB,10.3 GB
2025-09-03 16:04:13,9.93 MB,10.3 GB
2025-09-03 16:04:14,9.98 MB,10.3 GB
2025-09-03 16:04:15,9.98 MB,10.3 GB
2025-09-03 16:04:16,9.98 MB,10.3 GB
2025-09-03 16:04:17,9.98 MB,10.3 GB
2025-09-03 16:04:18,9.98 MB,10.3 GB
2025-09-03 16:04:19,9.98 MB,10.3 GB
2025-09-03 16:04:20,9.98 MB,10.3 GB
2025-09-03 16:04:21,9.98 MB,10.3 GB
2025-09-03 16:04:22,9.98 MB,10.3 GB
2025-09-03 16:04:23,9.98 MB,10.3 GB
2025-09-03 16:04:24,9.98 MB,10.3 GB
2025-09-03 16:04:25,9.98 MB,10.3 GB
2025-09-03 16:04:26,9.98 MB,10.3 GB
2025-09-03 16:04:27,9.98 MB,10.3 GB
2025-09-03 16:04:28,9.98 MB,10.3 GB
2025-09-03 16:04:29,9.98 MB,10.3 GB
2025-09-03 16:04:30,9.98 MB,10.3 GB
2025-09-03 16:04:31,9.98 MB,10.3 GB
2025-09-03 16:04:32,9.99 MB,10.3 GB
2025-09-03 16:04:33,9.99 MB,10.3 GB
2025-09-03 16:04:34,9.99 MB,10.3 GB
2025-09-03 16:04:35,9.99 MB,10.3 GB
2025-09-03 16:04:36,9.99 MB,10.3 GB
2025-09-03 16:04:37,9.99 MB,10.3 GB
2025-09-03 16:04:38,9.99 MB,10.3 GB
2025-09-03 16:04:39,9.99 MB,10.3 GB
2025-09-03 16:04:40,9.99 MB,10.3 GB
2025-09-03 16:04:41,9.99 MB,10.3 GB
2025-09-03 16:04:42,9.99 MB,10.3 GB
2025-09-03 16:04:43,9.99 MB,10.3 GB
2025-09-03 16:04:44,9.99 MB,10.3 GB
2025-09-03 16:04:45,9.99 MB,10.3 GB
2025-09-03 16:04:46,9.99 MB,10.3 GB
2025-09-03 16:04:47,9.99 MB,10.3 GB
2025-09-03 16:04:48,9.99 MB,10.3 GB
2025-09-03 16:04:49,9.99 MB,10.3 GB
2025-09-03 16:04:50,9.99 MB,10.3 GB
2025-09-03 16:04:51,9.99 MB,10.3 GB
2025-09-03 16:04:52,9.99 MB,10.3 GB
2025-09-03 16:04:53,9.99 MB,10.3 GB
2025-09-03 16:04:54,9.99 MB,10.3 GB
2025-09-03 16:04:55,9.99 MB,10.3 GB
2025-09-03 16:04:56,9.99 MB,10.3 GB
2025-09-03 16:04:57,9.99 MB,10.3 GB
2025-09-03 16:04:58,9.99 MB,10.3 GB
2025-09-03 16:04:59,9.99 MB,10.3 GB
2025-09-03 16:05:00,9.99 MB,10.3 GB
2025-09-03 16:05:01,9.99 MB,10.3 GB
2025-09-03 16:05:02,9.99 MB,10.3 GB
2025-09-03 16:05:03,9.99 MB,10.3 GB
2025-09-03 16:05:04,9.99 MB,10.3 GB
2025-09-03 16:05:05,9.99 MB,10.3 GB
2025-09-03 16:05:06,9.99 MB,10.3 GB
2025-09-03 16:05:07,9.99 MB,10.3 GB
2025-09-03 16:05:08,9.99 MB,10.3 GB
2025-09-03 16:05:09,9.99 MB,10.3 GB
2025-09-03 16:05:10,10.3 MB,10.3 GB
2025-09-03 16:05:11,10.3 MB,10.3 GB
2025-09-03 16:05:12,10.3 MB,10.3 GB
2025-09-03 16:05:13,10.3 MB,10.3 GB
2025-09-03 16:05:14,10.3 MB,10.3 GB
2025-09-03 16:05:15,10.3 MB,10.3 GB
2025-09-03 16:05:16,10.3 MB,10.3 GB
2025-09-03 16:05:17,10.3 MB,10.3 GB
2025-09-03 16:05:18,10.3 MB,10.3 GB
2025-09-03 16:05:19,10.3 MB,10.3 GB
2025-09-03 16:05:20,10.3 MB,10.3 GB
2025-09-03 16:05:21,10.3 MB,10.3 GB
2025-09-03 16:05:22,10.3 MB,10.3 GB
2025-09-03 16:05:23,10.3 MB,10.3 GB
2025-09-03 16:05:24,10.0 MB,10.3 GB
2025-09-03 16:05:25,10.0 MB,10.3 GB
2025-09-03 16:05:26,10.0 MB,10.3 GB
2025-09-03 16:05:27,10.0 MB,10.3 GB
2025-09-03 16:05:28,10.0 MB,10.3 GB
2025-09-03 16:05:29,10.0 MB,10.3 GB
2025-09-03 16:05:30,10.0 MB,10.3 GB
2025-09-03 16:05:31,10.0 MB,10.3 GB
2025-09-03 16:05:32,10.0 MB,10.3 GB
2025-09-03 16:05:33,10.0 MB,10.3 GB
2025-09-03 16:05:34,10.0 MB,10.3 GB
2025-09-03 16:05:35,10.0 MB,10.3 GB
2025-09-03 16:05:36,10.0 MB,10.3 GB
2025-09-03 16:05:37,10.0 MB,10.3 GB
2025-09-03 16:05:38,10.0 MB,10.3 GB
2025-09-03 16:05:39,10.0 MB,10.3 GB
2025-09-03 16:05:40,10.0 MB,10.3 GB
2025-09-03 16:05:41,10.0 MB,10.3 GB
2025-09-03 16:05:42,10.0 MB,10.3 GB
2025-09-03 16:05:43,10.0 MB,10.3 GB
2025-09-03 16:05:44,10.0 MB,10.3 GB
2025-09-03 16:05:45,10.0 MB,10.3 GB
2025-09-03 16:05:46,10.0 MB,10.3 GB
2025-09-03 16:05:47,10.0 MB,10.3 GB
2025-09-03 16:05:48,10.0 MB,10.3 GB
2025-09-03 16:05:49,10.0 MB,10.3 GB
2025-09-03 16:05:50,10.0 MB,10.3 GB
2025-09-03 16:05:51,10.0 MB,10.3 GB
2025-09-03 16:05:52,10.0 MB,10.3 GB
2025-09-03 16:05:53,10.0 MB,10.3 GB
2025-09-03 16:05:54,10.0 MB,10.3 GB
2025-09-03 16:05:55,10.0 MB,10.3 GB
2025-09-03 16:05:56,10.0 MB,10.3 GB
2025-09-03 16:05:57,10.0 MB,10.3 GB
2025-09-03 16:05:58,10.0 MB,10.3 GB
2025-09-03 16:05:59,10.0 MB,10.3 GB
2025-09-03 16:06:00,10.0 MB,10.3 GB
2025-09-03 16:06:01,10.0 MB,10.3 GB
2025-09-03 16:06:02,10.0 MB,10.3 GB
2025-09-03 16:06:03,10.0 MB,10.3 GB
2025-09-03 16:06:04,10.0 MB,10.3 GB
2025-09-03 16:06:05,10.0 MB,10.3 GB
2025-09-03 16:06:06,10.0 MB,10.3 GB
2025-09-03 16:06:07,10.0 MB,10.3 GB
2025-09-03 16:06:08,10.0 MB,10.3 GB
2025-09-03 16:06:09,10.0 MB,10.3 GB
2025-09-03 16:06:10,10.0 MB,10.3 GB
2025-09-03 16:06:11,10.0 MB,10.3 GB
2025-09-03 16:06:12,10.0 MB,10.3 GB
2025-09-03 16:06:13,10.0 MB,10.3 GB
2025-09-03 16:06:14,10.0 MB,10.3 GB
2025-09-03 16:06:15,10.0 MB,10.3 GB
2025-09-03 16:06:16,10.0 MB,10.3 GB
2025-09-03 16:06:17,10.0 MB,10.3 GB
2025-09-03 16:06:18,9.82 MB,10.3 GB
2025-09-03 16:06:19,9.82 MB,10.3 GB
2025-09-03 16:06:20,9.82 MB,10.3 GB
2025-09-03 16:06:21,9.82 MB,10.3 GB
2025-09-03 16:06:22,9.82 MB,10.3 GB
2025-09-03 16:06:23,9.82 MB,10.3 GB
2025-09-03 16:06:24,9.82 MB,10.3 GB
2025-09-03 16:06:25,9.82 MB,10.3 GB
2025-09-03 16:06:26,9.82 MB,10.3 GB
2025-09-03 16:06:27,9.82 MB,10.3 GB
2025-09-03 16:06:28,9.82 MB,10.3 GB
2025-09-03 16:06:29,9.82 MB,10.3 GB
2025-09-03 16:06:30,9.82 MB,10.3 GB
2025-09-03 16:06:31,9.84 MB,10.3 GB
2025-09-03 16:06:32,9.84 MB,10.3 GB
2025-09-03 16:06:33,9.84 MB,10.3 GB
2025-09-03 16:06:34,9.84 MB,10.3 GB
2025-09-03 16:06:35,9.84 MB,10.3 GB
2025-09-03 16:06:36,9.84 MB,10.3 GB
2025-09-03 16:06:37,9.84 MB,10.3 GB
2025-09-03 16:06:38,9.84 MB,10.3 GB
2025-09-03 16:06:39,9.84 MB,10.3 GB
2025-09-03 16:06:40,9.84 MB,10.3 GB
2025-09-03 16:06:41,9.84 MB,10.3 GB
2025-09-03 16:06:42,9.84 MB,10.3 GB
2025-09-03 16:06:43,9.84 MB,10.3 GB
2025-09-03 16:06:44,9.84 MB,10.3 GB
2025-09-03 16:06:45,9.84 MB,10.3 GB
2025-09-03 16:06:46,9.85 MB,10.3 GB
2025-09-03 16:06:47,9.85 MB,10.3 GB
2025-09-03 16:06:48,9.85 MB,10.3 GB
2025-09-03 16:06:49,9.85 MB,10.3 GB
2025-09-03 16:06:50,9.85 MB,10.3 GB
2025-09-03 16:06:51,9.85 MB,10.3 GB
2025-09-03 16:06:52,9.85 MB,10.3 GB
2025-09-03 16:06:53,9.85 MB,10.3 GB
2025-09-03 16:06:54,9.85 MB,10.3 GB
2025-09-03 16:06:55,9.85 MB,10.3 GB
2025-09-03 16:06:56,9.85 MB,10.3 GB
2025-09-03 16:06:57,9.85 MB,10.3 GB
2025-09-03 16:06:58,9.85 MB,10.3 GB
2025-09-03 16:06:59,9.85 MB,10.3 GB
2025-09-03 16:07:00,9.85 MB,10.3 GB
2025-09-03 16:07:01,9.85 MB,10.3 GB
2025-09-03 16:07:02,9.85 MB,10.3 GB
2025-09-03 16:07:03,9.85 MB,10.3 GB
2025-09-03 16:07:04,9.85 MB,10.3 GB
2025-09-03 16:07:05,9.85 MB,10.3 GB
2025-09-03 16:07:06,9.85 MB,10.3 GB
2025-09-03 16:07:07,9.85 MB,10.3 GB
2025-09-03 16:07:08,9.85 MB,10.3 GB
2025-09-03 16:07:09,9.85 MB,10.3 GB
2025-09-03 16:07:10,9.85 MB,10.3 GB
2025-09-03 16:07:11,9.85 MB,10.3 GB
2025-09-03 16:07:12,9.85 MB,10.3 GB
2025-09-03 16:07:13,9.85 MB,10.3 GB
2025-09-03 16:07:14,9.85 MB,10.3 GB
2025-09-03 16:07:15,9.85 MB,10.3 GB
2025-09-03 16:07:16,9.85 MB,10.3 GB
2025-09-03 16:07:17,9.85 MB,10.3 GB
2025-09-03 16:07:18,9.85 MB,10.3 GB
2025-09-03 16:07:19,9.85 MB,10.3 GB
2025-09-03 16:07:20,9.85 MB,10.3 GB
2025-09-03 16:07:21,9.85 MB,10.3 GB
2025-09-03 16:07:22,9.85 MB,10.3 GB
2025-09-03 16:07:23,9.85 MB,10.3 GB
2025-09-03 16:07:24,9.85 MB,10.3 GB
2025-09-03 16:07:25,9.85 MB,10.3 GB
2025-09-03 16:07:26,9.85 MB,10.3 GB
2025-09-03 16:07:27,9.85 MB,10.3 GB
2025-09-03 16:07:28,9.85 MB,10.3 GB
2025-09-03 16:07:29,9.85 MB,10.3 GB
2025-09-03 16:07:30,9.85 MB,10.3 GB
2025-09-03 16:07:31,9.85 MB,10.3 GB
2025-09-03 16:07:32,9.85 MB,10.3 GB
2025-09-03 16:07:33,9.85 MB,10.3 GB
2025-09-03 16:07:34,9.85 MB,10.3 GB
2025-09-03 16:07:35,9.85 MB,10.3 GB
2025-09-03 16:07:36,9.85 MB,10.3 GB
2025-09-03 16:07:37,9.85 MB,10.3 GB
2025-09-03 16:07:38,9.85 MB,10.3 GB
2025-09-03 16:07:39,9.85 MB,10.3 GB
2025-09-03 16:07:40,10.1 MB,10.3 GB
2025-09-03 16:07:41,10.1 MB,10.3 GB
2025-09-03 16:07:42,10.1 MB,10.3 GB
2025-09-03 16:07:43,10.1 MB,10.3 GB
2025-09-03 16:07:44,10.1 MB,10.3 GB
2025-09-03 16:07:45,10.1 MB,10.3 GB
2025-09-03 16:07:46,10.1 MB,10.3 GB
2025-09-03 16:07:47,10.1 MB,10.3 GB
2025-09-03 16:07:48,10.1 MB,10.3 GB
2025-09-03 16:07:49,10.1 MB,10.3 GB
2025-09-03 16:07:50,10.1 MB,10.3 GB
2025-09-03 16:07:51,10.1 MB,10.3 GB
2025-09-03 16:07:52,9.85 MB,10.3 GB
2025-09-03 16:07:53,9.85 MB,10.3 GB
2025-09-03 16:07:54,9.85 MB,10.3 GB
2025-09-03 16:07:55,9.85 MB,10.3 GB
2025-09-03 16:07:56,9.85 MB,10.3 GB
2025-09-03 16:07:57,9.85 MB,10.3 GB
2025-09-03 16:07:58,9.85 MB,10.3 GB
2025-09-03 16:07:59,9.85 MB,10.3 GB
2025-09-03 16:08:00,9.85 MB,10.3 GB
2025-09-03 16:08:01,9.85 MB,10.3 GB
2025-09-03 16:08:02,9.86 MB,10.3 GB
2025-09-03 16:08:03,9.86 MB,10.3 GB
2025-09-03 16:08:04,9.86 MB,10.3 GB
2025-09-03 16:08:05,9.86 MB,10.3 GB
2025-09-03 16:08:06,9.86 MB,10.3 GB
2025-09-03 16:08:07,9.86 MB,10.3 GB
2025-09-03 16:08:08,9.86 MB,10.3 GB
2025-09-03 16:08:09,9.86 MB,10.3 GB
2025-09-03 16:08:10,9.86 MB,10.3 GB
2025-09-03 16:08:11,9.86 MB,10.3 GB
2025-09-03 16:08:12,9.86 MB,10.3 GB
2025-09-03 16:08:13,9.86 MB,10.3 GB
2025-09-03 16:08:14,9.86 MB,10.3 GB
2025-09-03 16:08:15,9.86 MB,10.3 GB
2025-09-03 16:08:16,9.86 MB,10.3 GB
2025-09-03 16:08:17,9.86 MB,10.3 GB
2025-09-03 16:08:18,9.86 MB,10.3 GB
2025-09-03 16:08:19,9.86 MB,10.3 GB
2025-09-03 16:08:20,9.86 MB,10.3 GB
2025-09-03 16:08:21,9.86 MB,10.3 GB
2025-09-03 16:08:22,9.86 MB,10.3 GB
2025-09-03 16:08:23,9.86 MB,10.3 GB
2025-09-03 16:08:24,9.86 MB,10.3 GB
2025-09-03 16:08:25,9.86 MB,10.3 GB
2025-09-03 16:08:26,9.86 MB,10.3 GB
2025-09-03 16:08:27,9.86 MB,10.3 GB
2025-09-03 16:08:28,9.86 MB,10.3 GB
2025-09-03 16:08:29,9.86 MB,10.3 GB
2025-09-03 16:08:30,9.86 MB,10.3 GB
2025-09-03 16:08:31,9.86 MB,10.3 GB
2025-09-03 16:08:32,9.86 MB,10.3 GB
2025-09-03 16:08:33,9.86 MB,10.3 GB
2025-09-03 16:08:34,9.86 MB,10.3 GB
2025-09-03 16:08:35,9.86 MB,10.3 GB
2025-09-03 16:08:36,9.86 MB,10.3 GB
2025-09-03 16:08:37,9.86 MB,10.3 GB
2025-09-03 16:08:38,9.86 MB,10.3 GB
2025-09-03 16:08:39,9.86 MB,10.3 GB
2025-09-03 16:08:40,9.85 MB,10.3 GB
2025-09-03 16:08:41,9.85 MB,10.3 GB
2025-09-03 16:08:42,9.85 MB,10.3 GB
2025-09-03 16:08:43,9.85 MB,10.3 GB
2025-09-03 16:08:44,9.85 MB,10.3 GB
2025-09-03 16:08:45,9.85 MB,10.3 GB
2025-09-03 16:08:46,9.85 MB,10.3 GB
2025-09-03 16:08:47,9.85 MB,10.3 GB
2025-09-03 16:08:48,9.85 MB,10.3 GB
2025-09-03 16:08:49,9.85 MB,10.3 GB
2025-09-03 16:08:50,9.85 MB,10.3 GB
2025-09-03 16:08:51,9.85 MB,10.3 GB
2025-09-03 16:08:52,9.85 MB,10.3 GB
2025-09-03 16:08:53,9.85 MB,10.3 GB
2025-09-03 16:08:54,9.85 MB,10.3 GB
2025-09-03 16:08:55,9.85 MB,10.3 GB
2025-09-03 16:08:56,9.85 MB,10.3 GB
2025-09-03 16:08:57,9.85 MB,10.3 GB
2025-09-03 16:08:58,9.85 MB,10.3 GB
2025-09-03 16:08:59,9.85 MB,10.3 GB
2025-09-03 16:09:00,9.85 MB,10.3 GB
2025-09-03 16:09:01,9.85 MB,10.3 GB
2025-09-03 16:09:02,9.85 MB,10.3 GB
2025-09-03 16:09:03,9.85 MB,10.3 GB
2025-09-03 16:09:04,9.85 MB,10.3 GB
2025-09-03 16:09:05,9.85 MB,10.3 GB
2025-09-03 16:09:06,9.85 MB,10.3 GB
2025-09-03 16:09:07,9.85 MB,10.3 GB
2025-09-03 16:09:08,9.85 MB,10.3 GB
2025-09-03 16:09:09,9.85 MB,10.3 GB
2025-09-03 16:09:10,9.85 MB,10.3 GB
2025-09-03 16:09:11,9.85 MB,10.3 GB
2025-09-03 16:09:12,9.85 MB,10.3 GB
2025-09-03 16:09:13,9.85 MB,10.3 GB
2025-09-03 16:09:14,9.85 MB,10.3 GB
2025-09-03 16:09:15,9.85 MB,10.3 GB
2025-09-03 16:09:16,9.85 MB,10.3 GB
2025-09-03 16:09:17,9.85 MB,10.3 GB
2025-09-03 16:09:18,9.85 MB,10.3 GB
2025-09-03 16:09:19,9.85 MB,10.3 GB
2025-09-03 16:09:20,9.85 MB,10.3 GB
2025-09-03 16:09:21,9.85 MB,10.3 GB
2025-09-03 16:09:22,9.85 MB,10.3 GB
2025-09-03 16:09:23,9.85 MB,10.3 GB
2025-09-03 16:09:24,9.85 MB,10.3 GB
2025-09-03 16:09:25,9.85 MB,10.3 GB
2025-09-03 16:09:26,9.85 MB,10.3 GB
2025-09-03 16:09:27,9.85 MB,10.3 GB
2025-09-03 16:09:28,9.85 MB,10.3 GB
2025-09-03 16:09:29,9.85 MB,10.3 GB
2025-09-03 16:09:30,9.85 MB,10.3 GB
2025-09-03 16:09:31,9.85 MB,10.3 GB
2025-09-03 16:09:32,9.85 MB,10.3 GB
2025-09-03 16:09:33,9.85 MB,10.3 GB
2025-09-03 16:09:34,9.85 MB,10.3 GB
2025-09-03 16:09:35,9.85 MB,10.3 GB
2025-09-03 16:09:36,9.86 MB,10.3 GB
2025-09-03 16:09:37,9.86 MB,10.3 GB
2025-09-03 16:09:38,9.86 MB,10.3 GB
2025-09-03 16:09:39,9.86 MB,10.3 GB
2025-09-03 16:09:40,9.86 MB,10.3 GB
2025-09-03 16:09:41,9.86 MB,10.3 GB
2025-09-03 16:09:42,9.86 MB,10.3 GB
2025-09-03 16:09:43,9.86 MB,10.3 GB
2025-09-03 16:09:44,9.86 MB,10.3 GB
2025-09-03 16:09:45,9.86 MB,10.3 GB
2025-09-03 16:09:46,9.86 MB,10.3 GB
2025-09-03 16:09:47,9.86 MB,10.3 GB
2025-09-03 16:09:48,9.85 MB,10.3 GB
2025-09-03 16:09:49,9.85 MB,10.3 GB
2025-09-03 16:09:50,9.85 MB,10.3 GB
2025-09-03 16:09:51,9.85 MB,10.3 GB
2025-09-03 16:09:52,9.85 MB,10.3 GB
2025-09-03 16:09:53,9.85 MB,10.3 GB
2025-09-03 16:09:54,9.85 MB,10.3 GB
2025-09-03 16:09:55,9.85 MB,10.3 GB
2025-09-03 16:09:56,9.85 MB,10.3 GB
2025-09-03 16:09:57,9.85 MB,10.3 GB
2025-09-03 16:09:58,9.85 MB,10.3 GB
2025-09-03 16:09:59,9.85 MB,10.3 GB
2025-09-03 16:10:00,9.86 MB,10.3 GB
2025-09-03 16:10:01,9.86 MB,10.3 GB
2025-09-03 16:10:02,9.86 MB,10.3 GB
2025-09-03 16:10:03,9.86 MB,10.3 GB
2025-09-03 16:10:04,9.86 MB,10.3 GB
2025-09-03 16:10:05,9.86 MB,10.3 GB
2025-09-03 16:10:06,9.86 MB,10.3 GB
2025-09-03 16:10:07,9.86 MB,10.3 GB
2025-09-03 16:10:08,9.86 MB,10.3 GB
2025-09-03 16:10:09,9.86 MB,10.3 GB
2025-09-03 16:10:10,9.86 MB,10.3 GB
2025-09-03 16:10:11,9.86 MB,10.3 GB
2025-09-03 16:10:12,9.40 MB,10.3 GB
2025-09-03 16:10:13,9.40 MB,10.3 GB
2025-09-03 16:10:14,9.40 MB,10.3 GB
2025-09-03 16:10:15,9.40 MB,10.3 GB
2025-09-03 16:10:16,9.40 MB,10.3 GB
2025-09-03 16:10:17,9.40 MB,10.3 GB
2025-09-03 16:10:18,9.40 MB,10.3 GB
2025-09-03 16:10:19,9.40 MB,10.3 GB
2025-09-03 16:10:20,9.40 MB,10.3 GB
2025-09-03 16:10:21,9.40 MB,10.3 GB
2025-09-03 16:10:22,9.40 MB,10.3 GB
2025-09-03 16:10:23,9.40 MB,10.3 GB
2025-09-03 16:10:24,9.40 MB,10.3 GB
2025-09-03 16:10:25,9.40 MB,10.3 GB
2025-09-03 16:10:26,9.40 MB,10.3 GB
2025-09-03 16:10:27,9.40 MB,10.3 GB
2025-09-03 16:10:28,9.40 MB,10.3 GB
2025-09-03 16:10:29,9.40 MB,10.3 GB
2025-09-03 16:10:30,9.40 MB,10.3 GB
2025-09-03 16:10:31,9.41 MB,10.3 GB